***********,MXL15,15,Wed Mar 27 09:53:35 2019
***********,MXL15,15,Wed Mar 27 16:35:21 2019
***********,***********,15,Fri Mar 29 16:04:23 2019
***********,***********,14,Fri Mar 29 16:04:23 2019
***********,***********,15,Fri Mar 29 16:06:02 2019
***********,***********,15,Fri Mar 29 16:06:31 2019
***********,***********,24,Fri Mar 29 16:07:18 2019
***********,***********,24,Fri Mar 29 16:07:42 2019
***********,***********,24,Fri Mar 29 16:10:33 2019
***********,***********,24,Fri Mar 29 16:10:54 2019
***********,***********,24,Fri Mar 29 16:13:55 2019
***********,***********,24,Fri Mar 29 16:16:16 2019
***********,***********,24,Fri Mar 29 16:16:41 2019
***********,***********,24,Fri Mar 29 16:16:48 2019
***********,***********,24,Fri Mar 29 16:17:17 2019
***********,***********,24,Fri Mar 29 16:17:24 2019
***********,***********,24,Fri Mar 29 16:17:31 2019
***********,***********,24,Fri Mar 29 16:21:19 2019
***********,***********,24,Fri Mar 29 16:23:46 2019
***********,***********,24,Fri Mar 29 16:23:46 2019
***********,***********,24,Fri Mar 29 16:25:57 2019
***********,***********,24,
***********,***********,24,Fri Mar 29 16:33:17 2019
***********,***********,24,
***********,***********,24,Fri Mar 29 16:37:32 2019
***********,***********,24,
***********,***********,24,
***********,***********,24,
***********,***********,24,
***********,***********,24,
***********,***********,24,
***********,***********,24,
***********,***********,24,
***********,***********,24,Fri Mar 29 16:46:31 2019
***********,***********,24,Fri Mar 29 16:46:46 2019
***********,***********,24,Fri Mar 29 16:47:01 2019
***********,***********,24,Fri Mar 29 16:47:15 2019
***********,***********,24,Fri Mar 29 16:57:37 2019
***********,***********,24,Fri Mar 29 16:57:46 2019
***********,***********,24,Fri Mar 29 16:57:54 2019
***********,***********,24,Fri Mar 29 16:58:07 2019
***********,***********,24,Sat Mar 30 09:30:38 2019
***********,***********,24,Sat Mar 30 09:33:46 2019
***********,***********,24,Sat Mar 30 09:34:18 2019
***********,***********,24,Sat Mar 30 09:34:23 2019
***********,***********,17,Tue Apr  2 09:03:55 2019
***********,***********,17,Tue Apr  2 09:03:55 2019
***********,***********,17,Tue Apr  2 09:51:01 2019
